Timestamp,Mental Ilnness,Age,Gender,Country,state,self_employed,family_history,treatment,no_employees,remote_work,tech_company,benefits,care_options,wellness_program,seek_help,anonymity,leave,mental_health_consequence,phys_health_consequence,coworkers,supervisor,mental_health_interview,phys_health_interview,mental_vs_physical,obs_consequence,comments
2014-08-29 9:10:58,Often,8,A little about you,"Bahamas, The",IL,Yes,Yes,Yes,1-5,Yes,Yes,Yes,Yes,Yes,Yes,Yes,Very easy,Yes,Yes,Yes,Yes,Yes,Yes,Yes,Yes, 
2014-08-27 18:56:46,Sometimes,21,Agender,United Kingdom,NA,No,No,Yes,26-100,No,Yes,No,Yes,Yes,No,Yes,Somewhat easy,Maybe,No,Some of them,Some of them,No,No,Yes,No,NA
2014-08-27 15:24:47,Often,99999999999,All,Zimbabwe,NA,Yes,Yes,Yes,1-5,No,Yes,No,Yes,No,No,No,Very difficult,Yes,Yes,No,No,Yes,No,No,Yes,NA
2014-08-27 18:13:38,Rarely,28,Androgyne,United Kingdom,NA,No,Yes,Yes,100-500,No,Yes,No,Not sure,No,No,Yes,Somewhat difficult,Yes,Yes,Some of them,Some of them,Yes,No,No,Yes,I bring up my depression in interviews solely because I have a large gap on my CV due to mental health issues which could be mistaken for a gap taken to say have children which I feel would harm my chances much more. I have other MH issues I would never bring up with employers or peers.
2014-08-27 12:03:30,Often,27,Cis Female,United States,NY,Yes,No,Yes,1-5,Yes,Yes,Yes,Yes,Yes,Yes,Yes,Very easy,Maybe,Maybe,Some of them,Yes,No,Maybe,Yes,No,NA
2014-08-27 12:18:02,Sometimes,33,Cis Male,United States,AZ,No,No,Yes,6-25,No,Yes,No,Yes,No,No,Don't know,Somewhat easy,Maybe,No,Some of them,No,No,Maybe,No,No,NA
2014-08-29 8:46:31,Never,38,cis male,United States,WA,No,No,No,More than 1000,No,Yes,Yes,Yes,Yes,Yes,Yes,Somewhat easy,Maybe,Maybe,Some of them,Some of them,No,Maybe,No,Yes,NA
2014-08-28 22:16:34,Sometimes,43,Cis Male,United States,WA,No,No,Yes,100-500,Yes,Yes,Yes,Yes,No,Yes,Yes,Very difficult,Yes,Maybe,Some of them,No,No,Maybe,No,Yes,* Small family business - YMMV.
2015-02-24 8:58:08,Sometimes,24,Cis Man,United Kingdom,NA,Yes,No,Yes,6-25,Yes,Yes,No,No,No,No,Don't know,Don't know,Maybe,Maybe,Some of them,Some of them,No,Maybe,Don't know,Yes,NA
2014-08-27 22:55:13,Often,30,cis-female/femme,United States,WI,Yes,Yes,Yes,1-5,Yes,No,No,Yes,No,Yes,Yes,Somewhat difficult,No,No,Yes,Yes,No,No,Yes,No,Because I'm self-employed and the only person in my organization I would have liked a not applicable option. I don't want my answers to be misleading.
2014-08-27 15:30:51,Sometimes,31,Enby,United Kingdom,NA,No,Yes,Yes,More than 1000,No,Yes,Don't know,No,No,No,Don't know,Don't know,Yes,Maybe,No,No,No,Yes,Yes,No,NA
2014-08-28 5:05:32,Rarely,20,F,Switzerland,NA,No,No,No,More than 1000,No,Yes,Yes,Yes,Yes,Yes,Yes,Somewhat easy,No,No,Some of them,Some of them,No,Maybe,Yes,No,NA
2014-08-27 15:22:26,Rarely,21,F,United States,CA,No,Yes,Yes,26-100,No,Yes,Don't know,Not sure,Don't know,No,Don't know,Somewhat easy,Yes,No,Some of them,No,No,Yes,Don't know,No,NA
2014-08-27 15:15:42,NA,22,F,United States,WA,No,No,No,More than 1000,No,Yes,Yes,No,Yes,Yes,Yes,Somewhat easy,No,No,No,Some of them,No,No,Yes,No,NA
2014-08-28 19:28:27,Often,22,F,United States,CA,No,Yes,Yes,More than 1000,No,Yes,Don't know,Not sure,No,Don't know,Don't know,Don't know,Yes,Yes,No,No,No,No,Don't know,No,NA
2014-08-27 17:14:36,NA,23,F,United States,TX,No,No,No,More than 1000,No,No,Don't know,Not sure,Don't know,Don't know,Yes,Don't know,Maybe,Maybe,Some of them,Some of them,No,No,Don't know,No,NA
2014-08-27 15:38:07,Rarely,24,F,United States,NY,No,Yes,Yes,6-25,No,Yes,No,No,No,No,Don't know,Very easy,Yes,No,No,Some of them,No,Yes,Yes,No,NA
2014-08-28 17:57:42,Often,25,f,United States,CA,Yes,No,Yes,1-5,No,Yes,Yes,Yes,Yes,Yes,Yes,Very easy,Maybe,Maybe,Some of them,Some of them,No,No,Yes,Yes,NA
2014-08-27 16:47:48,Sometimes,25,f,United States,WA,No,No,No,6-25,No,Yes,No,No,No,No,No,Somewhat easy,Maybe,No,Some of them,No,No,No,Yes,No,NA
2014-08-27 12:15:19,Sometimes,25,F,Canada,NA,No,No,Yes,26-100,No,Yes,Yes,Yes,No,Don't know,Don't know,Don't know,Maybe,No,Some of them,Yes,No,Maybe,Don't know,No,NA
2014-08-27 14:44:29,Sometimes,25,F,United States,WA,No,Yes,Yes,26-100,No,Yes,Yes,Yes,No,No,Yes,Don't know,No,No,Some of them,Yes,No,No,Don't know,No,NA
2014-08-27 12:44:51,Sometimes,25,F,United States,NY,No,Yes,Yes,500-1000,No,Yes,Yes,No,No,No,Don't know,Don't know,Yes,Yes,Some of them,Some of them,No,No,Don't know,No,NA
2014-08-27 12:51:50,Sometimes,26,f,India,NA,Yes,No,No,6-25,No,No,No,No,No,No,Don't know,Somewhat easy,Maybe,Maybe,Some of them,Some of them,No,No,Don't know,No,NA
2014-08-29 9:54:11,NA,26,F,United States,NY,No,No,No,6-25,No,Yes,Don't know,Not sure,No,No,Don't know,Somewhat easy,No,No,Yes,Yes,No,Maybe,Yes,No,NA
2014-08-27 15:31:10,Sometimes,26,F,United States,OK,No,No,Yes,100-500,Yes,Yes,Don't know,Not sure,Don't know,Don't know,Don't know,Somewhat difficult,No,No,Some of them,Some of them,No,No,Yes,No,NA
2014-08-27 15:47:33,Sometimes,26,F,United States,CA,No,No,Yes,100-500,No,Yes,Yes,Yes,No,No,Don't know,Somewhat difficult,Yes,Maybe,Some of them,Some of them,No,No,No,Yes,NA
2014-08-27 18:00:39,Often,26,F,United States,MN,No,Yes,Yes,100-500,No,No,Don't know,No,No,No,Don't know,Somewhat difficult,Maybe,No,No,No,No,Maybe,No,No,NA
2014-08-28 4:00:30,Sometimes,26,F,Australia,NA,No,Yes,No,100-500,No,No,No,Yes,Yes,Yes,Don't know,Somewhat easy,No,No,Yes,Yes,No,No,Don't know,No,Majority of qs on survey not relevant if you are self employed
2014-09-01 12:45:24,Sometimes,26,F,United States,NY,No,Yes,No,26-100,Yes,Yes,Don't know,No,No,No,Don't know,Don't know,Maybe,No,No,No,No,No,Don't know,No,NA
2014-08-27 15:23:06,Never,26,F,United States,CA,No,Yes,Yes,More than 1000,No,Yes,Yes,Yes,No,Yes,Yes,Don't know,Maybe,No,No,No,No,No,Don't know,No,NA
2014-08-28 9:54:21,Sometimes,27,f,United Kingdom,NA,No,No,Yes,6-25,Yes,Yes,Don't know,Not sure,Yes,Don't know,Yes,Very easy,No,No,Yes,Yes,Maybe,Maybe,Yes,No,NA
2014-10-09 11:14:59,Often,28,F,United States,VA,No,No,Yes,6-25,No,Yes,No,Yes,No,No,Don't know,Very difficult,Yes,Maybe,Some of them,Some of them,No,No,Don't know,No,NA
2014-08-28 15:54:35,Rarely,29,F,United States,CA,No,Yes,Yes,100-500,No,Yes,Yes,Not sure,Don't know,No,Don't know,Don't know,No,No,Yes,Yes,No,Maybe,Don't know,No,NA
2014-08-27 12:11:00,Sometimes,29,F,United States,FL,No,No,Yes,26-100,No,Yes,Yes,Yes,No,No,Don't know,Don't know,Maybe,No,Some of them,Some of them,No,Maybe,No,Yes,NA
2014-08-27 21:55:28,Never,29,f,United States,MI,No,No,No,26-100,No,Yes,Yes,Yes,Yes,No,Yes,Don't know,Maybe,No,Some of them,Some of them,No,Maybe,Don't know,Yes,NA
2014-08-27 13:09:37,Never,29,F,United States,NY,No,No,Yes,500-1000,No,No,Yes,No,No,Don't know,Don't know,Somewhat difficult,Maybe,No,Some of them,No,No,No,Don't know,No,NA
2014-08-27 13:38:17,Rarely,29,f,United States,NY,No,Yes,Yes,500-1000,Yes,No,Yes,Yes,Yes,Don't know,Yes,Don't know,Maybe,No,Some of them,No,Maybe,Yes,Don't know,No,NA
2014-08-27 14:38:13,Sometimes,29,F,United States,CA,Yes,No,No,More than 1000,No,Yes,Yes,Not sure,Don't know,No,Don't know,Very easy,Maybe,Maybe,Some of them,Some of them,No,No,Don't know,No,NA
2014-08-29 11:22:46,Often,29,f,United Kingdom,NA,No,No,Yes,More than 1000,No,No,Yes,Yes,No,No,Don't know,Don't know,Maybe,No,Some of them,No,No,Yes,No,Yes,NA
2014-08-27 14:18:20,Sometimes,30,F,United States,SC,No,Yes,Yes,26-100,No,Yes,Yes,Yes,Yes,Don't know,Don't know,Very easy,No,No,Yes,Yes,No,Yes,Yes,No,NA
2014-08-28 23:13:18,Sometimes,31,F,United States,AZ,No,Yes,Yes,500-1000,No,Yes,Yes,Yes,No,Don't know,Yes,Somewhat easy,Maybe,No,Some of them,Yes,No,No,Yes,No,NA
2014-08-27 14:20:08,Sometimes,31,f,United States,CA,No,No,Yes,More than 1000,No,Yes,Yes,Not sure,Don't know,Don't know,Yes,Somewhat easy,No,No,Yes,Yes,No,No,Yes,No,NA
2014-08-27 13:07:40,Sometimes,32,F,United States,TX,No,Yes,Yes,6-25,No,Yes,Don't know,No,No,No,No,Don't know,Yes,Maybe,Some of them,Some of them,No,Maybe,No,Yes,NA
2014-08-27 13:07:42,Sometimes,32,f,United States,MA,No,No,Yes,100-500,No,No,Yes,Yes,Don't know,Don't know,Yes,Very easy,No,No,Yes,Yes,No,Yes,Yes,No,NA
2014-08-27 15:22:20,Sometimes,32,F,United States,WA,No,No,Yes,26-100,No,Yes,Yes,Yes,Yes,Yes,Yes,Somewhat easy,Maybe,No,Some of them,Yes,No,Maybe,Yes,No,My employer does what they can providing a wellness program and pointing it out after particularly stressful times. But the interaction between the wellness program and the medical insurance is unpleasant and finding a long-term therapist / psychiatrist covered by insurance is amazingly difficult. My current lack of active treatment is due to insurance friction more than workplace friction.
2014-08-27 12:46:03,Sometimes,33,F,United States,WA,Yes,Yes,Yes,1-5,No,Yes,No,Yes,Yes,Yes,Yes,Very difficult,No,No,Some of them,Yes,No,Yes,Yes,No,Many of these questions become irrelevant once 'Yes' is selected for 'Are you self-employed'.  It would be preferable for there to be a 'Not Relevant' option on these.
2014-08-27 14:39:07,Sometimes,33,f,United States,WA,No,Yes,No,26-100,Yes,Yes,No,Yes,No,No,Don't know,Very difficult,Yes,Maybe,Some of them,Some of them,No,Maybe,No,No,NA
2014-08-28 14:15:02,Sometimes,36,F,United Kingdom,NA,Yes,No,No,1-5,Yes,Yes,Don't know,Not sure,Don't know,Don't know,Don't know,Don't know,Maybe,No,Some of them,No,No,No,Don't know,No,NA
2014-08-28 11:54:23,Never,36,F,United States,CA,No,No,Yes,6-25,Yes,Yes,Yes,No,No,No,Don't know,Don't know,Maybe,Maybe,Some of them,Some of them,No,No,No,No,NA
2014-08-28 13:54:47,NA,36,f,United States,CA,No,Yes,No,6-25,No,Yes,Don't know,No,No,Don't know,Don't know,Don't know,No,No,No,Some of them,No,Maybe,Yes,No,NA
2014-08-31 16:48:13,Rarely,36,F,United States,TN,No,Yes,Yes,More than 1000,Yes,Yes,Yes,Yes,No,No,Yes,Somewhat easy,Maybe,Maybe,Some of them,No,No,No,Don't know,No,NA
2014-08-28 10:02:09,NA,37,F,United States,MO,No,No,No,26-100,Yes,Yes,Don't know,Not sure,No,Don't know,Don't know,Don't know,Yes,No,Some of them,No,No,No,Don't know,No,NA
2014-08-27 13:29:57,Sometimes,37,F,United States,NC,No,Yes,Yes,More than 1000,No,No,Yes,Yes,Yes,Yes,Yes,Somewhat easy,No,No,Some of them,Some of them,No,Maybe,Yes,No,NA
2014-08-27 14:21:42,Rarely,37,F,United States,CA,No,No,Yes,More than 1000,No,Yes,Yes,Yes,Don't know,Yes,Don't know,Somewhat easy,No,No,Some of them,Yes,No,No,Yes,No,NA
2014-08-28 11:27:56,Sometimes,38,f,United States,NC,No,Yes,Yes,26-100,No,No,Yes,Not sure,No,Don't know,Don't know,Don't know,Maybe,No,No,No,No,No,Don't know,No,I work for the state so the health plan is large and cumbersome.  I believe it covers most medical as a state benefit but I haven't seen any promotion of it.  And it's not really the same as a tech company where I am.  We are an IT department but hardly run like any tech company around.
2014-08-28 9:56:21,NA,39,F,United States,TX,No,No,No,More than 1000,Yes,No,No,Yes,No,No,Don't know,Very difficult,Yes,Maybe,No,No,No,Maybe,No,No,NA
2014-09-12 19:18:18,Sometimes,40,F,United States,MN,No,Yes,Yes,26-100,No,Yes,Yes,Yes,No,Yes,Yes,Somewhat easy,No,No,Yes,Yes,No,Maybe,Yes,Yes,NA
2014-08-27 16:11:36,Rarely,42,f,Netherlands,NA,No,No,Yes,100-500,Yes,Yes,Yes,Yes,No,No,Yes,Don't know,Yes,No,Some of them,No,No,Maybe,Don't know,No,NA
2014-08-31 15:03:12,Sometimes,42,F,United States,WA,No,Yes,Yes,26-100,No,No,Yes,Yes,No,No,Don't know,Don't know,Yes,No,Some of them,Some of them,No,Yes,No,No,NA
2015-05-05 14:22:18,Rarely,43,f,United States,FL,No,Yes,Yes,More than 1000,Yes,Yes,Yes,Yes,No,Yes,Don't know,Don't know,No,No,Some of them,Yes,No,No,Don't know,No,NA
2014-08-29 9:46:56,NA,44,F,United States,CA,No,No,No,100-500,No,Yes,Don't know,Not sure,No,No,Don't know,Don't know,Yes,No,No,No,No,No,Don't know,No,NA
2014-08-27 12:51:25,Sometimes,45,F,United States,CA,No,No,Yes,1-5,No,Yes,Yes,No,No,No,Yes,Somewhat difficult,No,No,Yes,Yes,No,No,Yes,No,In small startups it is very hard to keep mental health issues truly private no matter what management does.
2015-11-30 21:25:06,NA,46,f,United States,NC,No,No,No,100-500,Yes,Yes,No,Yes,No,No,Don't know,Don't know,Yes,No,No,No,No,No,No,No,NA
2014-08-28 16:31:00,NA,47,F,United States,PA,No,No,No,100-500,Yes,Yes,Don't know,No,No,Don't know,Don't know,Very difficult,Yes,Yes,No,No,No,No,No,No,NA
2014-11-05 10:08:44,Never,27,femail,United States,OK,No,No,No,100-500,No,No,Don't know,Not sure,Don't know,Don't know,Don't know,Don't know,No,No,Some of them,Yes,No,No,Yes,No,NA
2014-08-27 14:59:59,NA,33,Femake,United States,WA,No,No,No,6-25,No,Yes,No,No,No,No,Don't know,Somewhat difficult,Maybe,No,Some of them,Some of them,No,No,Don't know,No,NA
2014-08-27 16:19:05,Sometimes,18,Female,United Kingdom,NA,No,Yes,Yes,1-5,Yes,Yes,Don't know,Not sure,Don't know,Don't know,Don't know,Don't know,Maybe,Maybe,Some of them,Some of them,Maybe,Maybe,Don't know,No,I don't have a job :D
2014-08-30 20:46:35,Sometimes,20,female,United States,NY,No,No,Yes,26-100,Yes,Yes,Don't know,Not sure,Don't know,Don't know,Don't know,Don't know,No,No,Some of them,Some of them,Maybe,Maybe,Don't know,No,NA
2014-08-28 9:16:21,NA,21,Female,United Kingdom,NA,No,No,No,6-25,No,Yes,No,No,No,No,Don't know,Don't know,Yes,Maybe,Some of them,No,No,No,Don't know,No,NA
2014-08-28 4:02:47,Often,22,Female,Netherlands,NA,No,No,No,6-25,No,Yes,No,No,No,No,Don't know,Don't know,No,No,No,Some of them,No,Yes,Don't know,No,NA
2014-08-27 17:56:50,Sometimes,22,Female,United States,CA,No,Yes,Yes,500-1000,No,Yes,Yes,Yes,No,Don't know,Don't know,Don't know,No,No,Some of them,Some of them,No,No,No,Yes,NA
2014-08-27 14:27:51,Often,22,Female,United States,NY,No,Yes,Yes,More than 1000,No,Yes,Yes,Yes,Yes,Yes,Yes,Somewhat easy,Maybe,No,No,Some of them,No,No,Yes,Yes,NA
2014-08-28 13:11:05,Sometimes,22,Female,United States,WA,No,Yes,Yes,More than 1000,No,Yes,Don't know,Not sure,Don't know,Don't know,Don't know,Very difficult,Yes,Maybe,Some of them,Some of them,No,Maybe,No,Yes,NA
2014-08-27 11:51:34,Often,23,Female,Australia,NA,No,Yes,Yes,1-5,Yes,Yes,No,Not sure,No,No,Don't know,Very easy,No,No,Some of them,Yes,No,Maybe,Yes,No,Thanks for doing this research.
2014-08-27 12:49:27,NA,23,Female,United States,NC,No,No,No,6-25,No,Yes,Don't know,No,No,Don't know,Don't know,Don't know,Maybe,Maybe,Some of them,Yes,No,Maybe,Yes,No,NA
2014-08-27 13:47:05,Sometimes,23,Female,United Kingdom,NA,No,No,Yes,6-25,No,Yes,Don't know,Not sure,Don't know,Don't know,Don't know,Don't know,Maybe,Maybe,Some of them,Some of them,No,Maybe,Yes,No,NA
2014-08-27 18:14:59,NA,23,female,United Kingdom,NA,No,No,No,6-25,No,Yes,Don't know,Not sure,No,No,Don't know,Very easy,Maybe,No,No,Some of them,No,Yes,Yes,No,NA
2015-02-24 8:54:35,Sometimes,23,Female,United Kingdom,NA,No,Yes,Yes,6-25,No,Yes,No,Yes,No,Yes,Yes,Very easy,No,No,Yes,Yes,Maybe,Maybe,Yes,No,NA
2014-08-27 13:56:27,Never,23,female,United States,MN,No,Yes,Yes,100-500,No,No,Yes,No,Don't know,Don't know,Yes,Don't know,No,No,Some of them,Yes,Maybe,Maybe,Yes,No,NA
2014-08-27 15:43:17,Sometimes,23,female,United States,MA,No,No,Yes,26-100,No,Yes,Yes,Yes,No,Don't know,Don't know,Don't know,Maybe,No,Some of them,No,No,Maybe,Don't know,No,NA
2014-08-29 11:33:54,Sometimes,23,Female,United States,IL,No,Yes,No,26-100,No,No,No,No,No,No,Don't know,Somewhat difficult,Yes,No,No,Some of them,No,Maybe,No,No,NA
2015-02-21 15:28:57,Rarely,23,female,Ireland,NA,No,No,Yes,26-100,No,Yes,No,Yes,Yes,No,Don't know,Don't know,No,No,Yes,Some of them,No,Maybe,Don't know,No,NA
2014-08-27 14:19:12,Sometimes,23,Female,United States,NY,No,No,Yes,More than 1000,No,Yes,Yes,Yes,Yes,Yes,Don't know,Don't know,No,No,Some of them,Some of them,No,No,Yes,No,NA
2014-08-27 16:27:04,Often,23,Female,United States,NY,No,Yes,Yes,More than 1000,No,Yes,Yes,Not sure,Don't know,No,Don't know,Don't know,Maybe,No,Some of them,Some of them,No,No,Yes,Yes,NA
2014-08-28 1:38:53,Sometimes,23,female,United States,CA,No,Yes,Yes,More than 1000,No,Yes,Yes,Yes,Yes,Yes,Yes,Somewhat easy,Yes,Maybe,No,No,No,No,Don't know,No,NA
2014-08-28 9:18:13,Sometimes,23,Female,India,NA,No,Yes,Yes,More than 1000,No,Yes,Don't know,Not sure,No,Don't know,Don't know,Don't know,Yes,Maybe,No,No,No,No,Don't know,No,NA
2014-08-28 17:20:41,Never,23,Female,United Kingdom,NA,No,Yes,No,More than 1000,No,No,No,No,No,Yes,Don't know,Somewhat easy,Yes,Maybe,No,No,No,Maybe,Don't know,No,NA
2014-08-27 16:25:26,Sometimes,24,Female,United States,CA,Yes,Yes,Yes,1-5,Yes,Yes,No,No,Don't know,Don't know,Don't know,Don't know,No,No,Some of them,Some of them,No,No,Don't know,Yes,NA
2014-08-28 16:17:09,Often,24,female,United States,NY,No,Yes,Yes,6-25,No,Yes,Yes,Yes,No,No,Yes,Very easy,No,No,Some of them,Yes,No,Yes,No,Yes,NA
2014-08-28 18:21:58,Often,24,Female,United Kingdom,NA,No,Yes,Yes,6-25,Yes,Yes,No,No,No,No,Don't know,Very easy,No,No,Yes,Yes,No,No,Don't know,No,NA
2014-08-27 22:14:23,Sometimes,24,Female,United States,NA,No,Yes,Yes,100-500,No,Yes,Yes,Not sure,No,No,Don't know,Somewhat difficult,Yes,Maybe,No,No,No,No,No,Yes,NA
2014-08-28 2:32:11,Sometimes,24,Female,United Kingdom,NA,No,No,Yes,100-500,No,Yes,No,No,No,No,Don't know,Don't know,Maybe,No,No,Some of them,No,Maybe,Don't know,No,NA
2014-08-27 14:16:00,NA,24,Female,United States,CA,No,No,No,500-1000,No,Yes,Don't know,Not sure,No,Don't know,Don't know,Don't know,Maybe,Maybe,Some of them,No,No,Maybe,No,No,NA
2014-08-27 15:24:56,NA,24,female,United States,TX,No,Yes,No,500-1000,No,No,No,No,No,No,No,Very difficult,Yes,Maybe,No,No,No,Maybe,No,Yes,NA
2014-08-27 14:28:51,Sometimes,24,female,United States,CA,No,Yes,Yes,More than 1000,No,Yes,Yes,Yes,No,Yes,Yes,Don't know,Maybe,No,Some of them,No,No,Maybe,Don't know,No,NA
2014-08-27 15:36:13,NA,24,Female,United States,OR,No,No,No,More than 1000,No,Yes,Yes,Yes,Yes,Yes,Yes,Somewhat easy,No,No,Some of them,Some of them,Yes,Yes,Yes,No,NA
2014-08-29 9:51:35,Sometimes,24,Female,United States,TN,No,Yes,No,More than 1000,No,No,Yes,Yes,No,Don't know,Don't know,Somewhat difficult,Yes,Maybe,Some of them,Some of them,No,No,No,Yes,NA
2014-08-27 16:28:10,Often,25,female,United States,CA,Yes,Yes,Yes,1-5,Yes,Yes,Don't know,Not sure,No,No,Yes,Somewhat difficult,Yes,No,Some of them,No,No,Maybe,No,Yes,NA
2014-08-27 14:52:53,Sometimes,25,Female,Sweden,NA,No,Yes,No,6-25,No,Yes,Yes,Yes,Yes,No,Don't know,Somewhat easy,No,No,Some of them,Yes,No,No,No,No,NA
2014-08-27 15:24:27,Sometimes,25,female,United States,CA,No,No,Yes,6-25,No,Yes,Don't know,Not sure,No,No,Don't know,Somewhat difficult,Yes,No,Some of them,No,No,Maybe,Don't know,No,NA
2014-08-28 18:50:47,Sometimes,25,Female,Canada,NA,No,Yes,Yes,6-25,No,Yes,Yes,Yes,No,No,Yes,Somewhat easy,No,No,Some of them,Yes,No,No,Don't know,No,NA
2014-08-27 15:22:50,Sometimes,25,Female,United States,WA,No,Yes,Yes,26-100,Yes,Yes,Don't know,No,No,No,Don't know,Don't know,Maybe,No,Some of them,Yes,No,No,Yes,No,NA
2014-09-26 10:05:55,Sometimes,25,female,Bulgaria,UT,No,No,Yes,26-100,Yes,Yes,No,No,No,No,Don't know,Don't know,Maybe,Maybe,Yes,Some of them,Maybe,No,No,No,NA
2014-08-28 18:02:09,Sometimes,25,female,United States,OH,No,Yes,Yes,More than 1000,No,Yes,Yes,Yes,Yes,No,Don't know,Don't know,Yes,Yes,No,No,No,No,No,No,While I have not seen any direct retaliation against people with known mental illness many people do freely use insults commonly associated with mental illness (r****d for example) and criticize people behind their back for taking extra leave for doctor appointments (Oh I bet they are just hung over or other comments about how lazy they are.)
2014-08-29 10:27:15,Never,25,female,United States,OR,No,No,No,More than 1000,No,Yes,Yes,Yes,Yes,Yes,Don't know,Don't know,Maybe,No,Some of them,Yes,Maybe,No,Yes,No,NA
2014-08-29 5:57:48,Sometimes,26,Female,United Kingdom,NA,Yes,Yes,Yes,1-5,Yes,Yes,No,No,No,No,Don't know,Very easy,Maybe,No,Some of them,Yes,No,Maybe,Yes,No,I am a Trans woman and suffer from depression relating to that. I'm a contractor so I've answered the questions as relating to my current contract.
2014-08-28 8:00:40,Never,26,female,Israel,NA,No,Yes,No,100-500,No,Yes,Don't know,No,Don't know,Don't know,Don't know,Don't know,Maybe,No,Some of them,No,No,No,Yes,No,NA
2014-08-29 11:23:21,Sometimes,26,Female,Canada,NA,No,Yes,Yes,100-500,No,Yes,Yes,Not sure,No,No,Yes,Don't know,Maybe,No,Some of them,No,No,Maybe,Don't know,No,NA
2014-09-20 13:51:05,Rarely,26,Female,United States,MI,No,Yes,Yes,100-500,No,Yes,Yes,No,No,No,Don't know,Don't know,Maybe,Maybe,No,No,No,Maybe,No,No,NA
2014-08-27 11:49:51,Sometimes,26,Female,Poland,NA,No,No,Yes,26-100,Yes,Yes,Don't know,Not sure,Yes,Yes,Yes,Very easy,No,No,Yes,Yes,Maybe,Yes,Yes,No,NA
2014-08-27 12:18:14,Sometimes,26,female,Canada,NA,No,Yes,Yes,26-100,No,No,No,Yes,No,No,No,Very difficult,Yes,No,No,No,No,Maybe,No,Yes,In my previous workplace which had mental health protections policies and access to counsellors my Director went so far as to say to me in somewhat casual conversation A woman was murdered across the street. At best though she was bipolar and at worst - who knowsI have bipolar disorder. I have zero faith that an organization with policies in place could appropriately handle mental health. I have even less faith that a workplace without the policies in place could appropriately handle mental health. I can only imagine it's worse in full tech environments.
2014-08-27 16:02:16,Never,26,Female,United States,CA,No,Yes,No,26-100,No,Yes,Don't know,Not sure,No,No,Don't know,Somewhat difficult,Maybe,Maybe,Some of them,No,No,Maybe,No,No,NA
2014-08-27 20:48:54,Sometimes,26,Female,United States,MA,No,Yes,Yes,26-100,No,Yes,Yes,Yes,No,No,Yes,Somewhat difficult,No,No,Yes,Yes,No,No,No,Yes,NA
2014-08-29 9:33:43,Sometimes,26,female,United States,OH,No,No,Yes,26-100,Yes,Yes,Don't know,No,No,Don't know,Don't know,Don't know,Maybe,No,Some of them,No,Maybe,Maybe,Don't know,Yes,NA
2014-08-27 14:11:52,Rarely,26,Female,United States,WA,No,Yes,Yes,More than 1000,No,Yes,Yes,Not sure,Don't know,Don't know,Don't know,Don't know,Maybe,No,Some of them,Some of them,No,No,Don't know,No,NA
2014-08-27 14:13:16,Rarely,26,Female,United States,TX,No,Yes,Yes,More than 1000,Yes,Yes,Yes,Yes,Yes,Don't know,Don't know,Somewhat easy,Maybe,No,Some of them,No,No,No,Don't know,No,NA
2014-08-27 15:35:37,NA,26,Female,United States,MD,No,No,No,More than 1000,No,No,Yes,Not sure,Yes,Don't know,Don't know,Don't know,Maybe,No,Some of them,No,No,No,Don't know,No,NA
2014-08-29 11:32:44,Sometimes,26,female,United States,WA,No,Yes,Yes,More than 1000,No,Yes,Yes,Yes,No,No,Don't know,Don't know,No,No,Some of them,Yes,No,Maybe,No,Yes,I should note one of the places my employer fails with regards to mental health is that the company-paid health insurance policy does not cover trans healthcare needs.
2014-08-27 13:07:46,Sometimes,27,female,United States,MI,Yes,Yes,Yes,1-5,Yes,Yes,No,No,Don't know,Don't know,Don't know,Very difficult,No,No,Some of them,No,No,No,Don't know,No,Many of these questions were difficult to answer as a self-employed person; I did my best with the available options.
2014-08-27 17:42:49,Sometimes,27,female,Hungary,NA,Yes,Yes,No,1-5,Yes,Yes,No,No,No,No,No,Very difficult,Yes,Maybe,No,No,No,Maybe,No,No,NA
2014-08-27 13:49:32,Rarely,27,Female,United States,TX,No,No,Yes,6-25,No,Yes,Yes,No,No,No,Yes,Don't know,Maybe,Maybe,Yes,No,No,Maybe,Don't know,No,NA
2014-08-27 17:48:54,Sometimes,27,Female,Australia,NA,No,Yes,Yes,6-25,No,Yes,No,Yes,No,No,No,Somewhat difficult,Yes,No,Some of them,Some of them,No,No,No,No,NA
2014-08-27 18:59:44,Rarely,27,Female,New Zealand,NA,No,Yes,Yes,100-500,Yes,Yes,No,No,No,No,Don't know,Somewhat easy,Maybe,Maybe,Some of them,Some of them,No,Yes,Don't know,No,NA
2014-08-28 11:47:35,Sometimes,27,Female,United States,CA,No,No,Yes,100-500,No,Yes,Don't know,Not sure,Yes,Don't know,Don't know,Somewhat easy,Yes,No,Some of them,No,No,Maybe,No,No,NA
2014-08-27 12:57:38,Sometimes,27,Female,United States,OR,No,Yes,Yes,26-100,No,Yes,Yes,No,No,No,Don't know,Very easy,No,No,Some of them,Some of them,No,No,Yes,No,My seniority at the company and rapport with the owners has helped me gain support for seeking help regarding my mental health as well as being able to take time off or work from home when an episode starts.However I don't feel that the company's stance on mental health is as clear as say something like vision or dental.  There's very much a stigma.
2014-08-27 15:38:32,Sometimes,27,female,United States,CA,No,No,Yes,26-100,No,Yes,Don't know,Not sure,No,No,Don't know,Somewhat difficult,Maybe,Maybe,Some of them,Some of them,No,No,Don't know,No,I talked to a psychiatrist once about taking medical leave for mental health issues with his referral. He was willing to help but warned me that I may not want to as he's seen that sort of thing follow people throughout their tech careers (word gets out even if it's confidential at work). I've been terrified of bringing mental health up anywhere that coworkers or potential employers could see ever since.
2014-08-27 20:33:33,Sometimes,27,Female,United States,NY,No,No,No,500-1000,No,Yes,Don't know,Not sure,Don't know,Yes,Don't know,Don't know,No,No,Some of them,Yes,No,No,Yes,No,NA
2014-08-27 15:22:45,Rarely,27,female,United States,WA,No,No,Yes,More than 1000,No,Yes,Yes,Yes,No,No,Yes,Don't know,Yes,Maybe,No,No,No,No,No,No,NA
2014-08-27 15:23:51,Rarely,27,female,United States,CO,No,Yes,Yes,More than 1000,Yes,Yes,Yes,Yes,No,Don't know,Don't know,Don't know,Maybe,Maybe,No,Yes,No,No,Don't know,No,NA
2014-08-28 12:10:42,NA,27,Female,United States,WA,No,No,No,More than 1000,No,Yes,Don't know,Not sure,No,Yes,Don't know,Don't know,Maybe,No,Some of them,Yes,No,No,Don't know,No,NA
2014-08-29 14:51:49,Often,27,Female,United States,WA,No,Yes,Yes,More than 1000,No,Yes,Yes,Yes,Yes,Yes,Yes,Very difficult,Maybe,No,Yes,Some of them,No,Maybe,No,Yes,I answered based on previous job at large technical company where I was pushed out of my role within 3 months of disclosing diagnosis.I had been struggling for 3 months prior to disclosure and was incredibly relieved when finally diagnosed. Growing up in a family open about mental health and also at the end of my rope I immediately shared with management what was going on. I requested a temporary reduced workload so I could reduce anxiety. (At time I didn't know it was anxiety as took me a year to accept that the (to me) deserved stress was anxiety caused by my core diagnosis.) When disclosing I didn't deeply understand details of the state of my mental health; I simply knew I was so stressed out by having been unable to get myself to do work in three months that I couldn't juggle all that was currently on my plate.It was at this point my direct manager and I began an almost daily struggle. After working on a single project and making progress (compared to 3 months before diagnosis when management didn't even know how bad I was doing) I requested increasing my workload. This was never granted; boss said I hadn't proved myself and implied I could not be trusted.Two huge issues stick out to me from that experience:1) Company assumes things would be better and back to 100% within months. They did not understand what one goes through when figuring out meds: things at times got worse. They did not understand how long it takes until meds are figured out: mine took two years. They most certainly would not truly understand why to this day four years later despite being stable I'm in counseling every other week in addition to being on meds. Rather than supporting that it would be seen as oh I'm sorry. I was a problem to my manager because he didn't see improvements each week.2) Accomodations.- There was no option for me to reduce work temporarily to part-time (too complicated). Instead they pushed me to take disability leave. I told them that wouldn't help; they told me to double-check with care providers. That required me to see a psychologist unnecessarily as psychologist said I didn't qualify for leave. (Expensive unnecessary appointment).- The assistance I needed the most at work was understanding: I was open but my manager told me to not tell my co-worker assigned to support me. That was disasterous for colleague's stress/frustration levels. He knew something was up but was barred from asking and I was implied it was better to keep my mouth shut.- Accommodations weren't understood by even Benefits as they're not trained in mental health nor do they have people come in to assess how they're doing in supporting those with mental health issues. Should be no different than people coming in to assess for physical accessibility of the workplace. When in a meeting with my manager supervised by HR I shouldn't feel like I'm asking too much of manager when requesting he put the negative critiques on the back burner and help me figure out whether I'm doing anything right. That this didn't stop him from coming into my office that same day and putting on my dick hat to yell at me for something that wasn't even my fault (he had brought in co-worker for this yelling and turned to finish yelling at this person): FUCKING UNACCEPTABLE.While I will never return to that company and as such took the severance package I will NEVER agree with their legal reason for being unable to do the job: me being medically disqualified from this role. I was too expensive in the short term for them; I'm not worth the cost.
2014-09-01 10:40:32,NA,27,female,United Kingdom,NA,No,Yes,No,More than 1000,No,No,No,Yes,No,No,Yes,Don't know,Maybe,No,No,No,No,Yes,Yes,No,NA
2014-08-27 13:31:03,Sometimes,28,Female,Canada,NA,No,Yes,Yes,6-25,No,No,Yes,Yes,Yes,Yes,Yes,Don't know,No,No,Some of them,Yes,No,No,No,Yes,NA
2014-08-29 11:53:59,Rarely,28,Female,United States,OR,No,No,Yes,6-25,No,Yes,Yes,Yes,Don't know,Yes,Yes,Very easy,No,No,Some of them,Some of them,No,Yes,Don't know,No,NA
2015-02-21 5:11:37,Rarely,28,Female,United States,TX,No,No,Yes,6-25,No,Yes,Yes,No,No,No,Don't know,Somewhat easy,Yes,Yes,Some of them,No,No,No,No,Yes,NA
2014-08-27 14:21:37,Often,28,female,United States,WA,No,Yes,Yes,100-500,Yes,No,Yes,Yes,Yes,Yes,Yes,Somewhat easy,Yes,No,Some of them,Yes,No,No,Yes,No,NA
2014-08-27 18:12:55,Often,28,female,United States,CA,No,Yes,Yes,100-500,Yes,Yes,Yes,No,No,Don't know,Don't know,Don't know,Yes,Yes,Some of them,Some of them,No,No,No,Yes,NA
2014-08-29 17:04:12,Sometimes,28,Female,United States,CA,No,Yes,Yes,100-500,No,Yes,Yes,Yes,Don't know,Don't know,Don't know,Don't know,Maybe,No,Some of them,Some of them,No,No,Yes,No,NA
2014-08-27 12:51:51,Never,28,Female,United Kingdom,NA,No,No,No,26-100,No,Yes,Don't know,No,No,Don't know,Yes,Somewhat easy,No,No,Yes,Yes,Maybe,Maybe,Don't know,No,NA
2014-08-27 16:21:11,Sometimes,28,Female,United States,NY,No,Yes,Yes,26-100,No,Yes,Don't know,Not sure,No,No,Don't know,Don't know,Yes,Maybe,Some of them,No,No,Maybe,Don't know,No,NA
2014-08-29 11:19:46,Sometimes,28,female,United States,OH,No,Yes,Yes,26-100,Yes,Yes,Don't know,No,No,No,Don't know,Somewhat easy,Yes,No,Some of them,Some of them,No,Maybe,No,No,NA
2014-08-28 1:56:43,Rarely,28,Female,United States,CA,No,Yes,Yes,500-1000,No,Yes,Yes,Yes,Yes,Yes,Don't know,Somewhat difficult,Maybe,No,No,Some of them,No,No,No,No,NA
2014-08-27 15:34:31,Rarely,28,Female,United States,NY,No,No,Yes,More than 1000,No,No,Yes,Yes,No,Don't know,Don't know,Don't know,Maybe,No,No,No,No,No,Don't know,No,NA
2014-08-28 9:55:14,NA,28,Female,Canada,NA,No,No,No,More than 1000,No,Yes,Yes,Not sure,Don't know,Don't know,Don't know,Somewhat easy,No,No,Some of them,Yes,No,No,Don't know,No,I am a contractor so my lack of knowledge of workplace wellness stems directly from my lack of access to that material since I am not covered by it. I am aware that mental health services are available and am aware of a colleague who has taken a leave of absence to deal with mental health issues but am otherwise uninformed.
2014-08-27 18:43:06,Sometimes,29,female,Canada,NA,No,No,Yes,1-5,No,Yes,No,No,No,No,Don't know,Don't know,Maybe,No,Some of them,Some of them,No,No,Yes,No,The family history question needs a don't know option.
2014-08-27 12:37:50,NA,29,Female,United States,MD,No,No,No,6-25,No,Yes,Don't know,No,No,Don't know,Don't know,Somewhat easy,Maybe,No,Some of them,No,No,No,Don't know,No,NA
2014-08-28 8:39:49,Rarely,29,Female,United States,OH,No,Yes,Yes,6-25,No,Yes,Don't know,No,No,No,Don't know,Don't know,Yes,No,No,No,No,No,Don't know,No,NA
2014-08-28 15:40:32,Rarely,29,female,United Kingdom,NA,No,No,Yes,6-25,No,Yes,Don't know,No,No,No,Don't know,Don't know,Maybe,No,Some of them,No,No,Maybe,Don't know,No,NA
2014-08-27 12:40:06,NA,29,Female,United States,MI,No,No,No,100-500,Yes,Yes,Don't know,Not sure,No,Don't know,Don't know,Don't know,Maybe,No,No,Some of them,No,Maybe,Don't know,No,NA
2014-08-27 11:34:00,Rarely,29,female,United States,IL,NA,Yes,Yes,26-100,No,Yes,Yes,Not sure,No,No,Don't know,Somewhat easy,No,No,Yes,Some of them,Maybe,Maybe,Don't know,No,I have chronic low-level neurological issues that have mental health side effects. One of my supervisors has also experienced similar neurological problems so I feel more comfortable being open about my issues than I would with someone without that experience. 
2014-08-28 11:26:15,Sometimes,29,Female,United States,OR,No,Yes,Yes,26-100,Yes,No,Don't know,No,No,Don't know,Don't know,Don't know,Maybe,No,Some of them,Yes,No,Maybe,Don't know,No,NA
2014-08-28 3:29:19,Sometimes,29,Female,Australia,NA,No,Yes,Yes,More than 1000,No,No,Yes,Yes,Yes,Yes,No,Somewhat difficult,Yes,No,Some of them,Some of them,No,No,No,Yes,NA
2014-08-28 9:09:30,Rarely,29,female,Canada,NA,No,No,Yes,More than 1000,Yes,No,Yes,Yes,Yes,Don't know,Yes,Somewhat easy,No,No,No,Yes,No,Maybe,Don't know,No,NA
2014-08-29 11:54:38,Often,29,Female,United States,NJ,No,No,Yes,More than 1000,Yes,No,Yes,No,No,No,Don't know,Somewhat easy,No,No,Some of them,Yes,Maybe,Maybe,Don't know,No,NA
2014-08-27 16:17:05,NA,30,female,United States,NY,No,No,No,100-500,No,Yes,Don't know,Not sure,No,No,Don't know,Don't know,Maybe,No,Some of them,Yes,No,Maybe,Don't know,No,NA
2014-08-29 9:14:45,Sometimes,30,Female,United States,IL,No,Yes,Yes,26-100,No,Yes,Yes,Yes,Yes,Don't know,Yes,Very easy,No,No,Some of them,No,No,No,Yes,No,NA
2014-08-27 15:28:50,NA,30,female,Spain,NA,No,Yes,No,500-1000,No,Yes,No,No,No,No,Don't know,Don't know,Yes,Maybe,No,No,No,No,Don't know,No,NA
2014-08-29 10:06:29,Sometimes,30,Female,United States,GA,No,Yes,Yes,500-1000,No,No,Yes,Yes,Yes,Yes,Yes,Somewhat easy,Maybe,Maybe,Some of them,Some of them,No,No,No,Yes,NA
2014-08-27 12:39:18,NA,30,Female,United States,PA,No,Yes,No,More than 1000,Yes,Yes,Don't know,Not sure,No,Don't know,Don't know,Don't know,Maybe,Maybe,Some of them,Some of them,No,Maybe,Don't know,No,I'd be more worried about coworkers and workplace culture than the employer--they're probably legally obligated to do some things but reputation among people I work with is something else. For instance I've heard people make snide remarks about men taking paternity leave I don't want to know what they'd say about mental health leave.
2014-08-27 14:31:06,Never,30,Female,United States,CO,No,No,No,More than 1000,No,Yes,Yes,Yes,Yes,Yes,Yes,Somewhat easy,Maybe,Maybe,No,Some of them,No,No,Don't know,No,NA
2014-08-28 13:41:51,NA,30,Female,United States,CA,No,No,No,More than 1000,No,Yes,Yes,Yes,Yes,Yes,Yes,Very easy,No,No,Some of them,No,No,No,Yes,No,NA
2014-08-29 16:17:32,Often,30,Female,United States,TN,No,Yes,Yes,More than 1000,No,No,Yes,No,No,No,Don't know,Somewhat difficult,Yes,No,No,No,No,Maybe,No,No,This issue for me is very real at the moment. I have missed several days of work recently because of a bad reaction to a depression/anxiety drug and I hate not being able to discuss it with my boss without worrying that I will be labeled a liability. 
2014-08-28 12:12:49,NA,31,Female,United Kingdom,NA,No,No,No,6-25,No,Yes,Don't know,No,No,No,Don't know,Don't know,No,No,Yes,Yes,Maybe,Maybe,Don't know,No,NA
2014-08-27 17:37:41,Sometimes,31,Female,Canada,NA,Yes,Yes,Yes,100-500,Yes,Yes,Don't know,Not sure,Don't know,Don't know,Don't know,Don't know,Maybe,Maybe,Some of them,Yes,No,No,Yes,No,NA
2014-08-27 18:02:32,Rarely,31,Female,United States,PA,No,Yes,Yes,100-500,No,Yes,Yes,Yes,No,No,Yes,Somewhat easy,No,No,Yes,Yes,No,No,Yes,No,NA
2014-08-28 1:41:17,Sometimes,31,Female,United States,OR,No,Yes,Yes,100-500,No,Yes,Don't know,No,No,No,Don't know,Don't know,No,No,Some of them,Some of them,No,No,Don't know,No,NA
2014-08-28 3:42:58,Rarely,31,female,Belgium,NA,No,Yes,Yes,100-500,No,No,Yes,No,No,No,No,Don't know,Maybe,No,Some of them,No,No,No,Don't know,Yes,NA
2014-08-28 16:54:49,Sometimes,31,Female,United States,NY,No,Yes,Yes,100-500,No,Yes,Yes,Yes,No,No,Don't know,Somewhat difficult,No,No,Yes,Yes,Maybe,Maybe,Don't know,No,I have been incredibly public about my own struggle in my own conversations and in social media insofar as how I can use my depression to raise awareness or help others. Because of that my employer - or any future employer - kind of knows by default. It's not a secret. That said the downside of that openness is that I have no faith that I wouldn't be discriminated against at a future job simply because the information is public. Likewise I worry I'm seen as less-than by my employer in some circumstances. Regerdless I don't regret being public and raising awareness. My point is that even those of us who do publicly discuss the issue fear systemic retribution. 
2014-08-27 11:52:41,NA,31,Female,United States,NM,No,No,No,26-100,Yes,No,Don't know,No,Don't know,Don't know,Don't know,Don't know,Maybe,No,Some of them,No,No,Maybe,Don't know,No,NA
2014-08-28 1:30:12,Often,31,Female,United States,WA,No,No,Yes,26-100,Yes,Yes,Yes,Yes,No,No,Don't know,Very easy,Maybe,No,Some of them,Some of them,No,Yes,Don't know,No,NA
2014-08-29 10:59:57,Often,31,Female,United States,FL,No,Yes,Yes,26-100,No,Yes,No,No,No,No,No,Very difficult,Yes,No,No,No,No,Yes,No,Yes,NA
2014-12-01 9:58:28,NA,31,Female,Belgium,NA,No,No,No,26-100,No,Yes,Don't know,Not sure,No,No,Yes,Very easy,Maybe,No,Some of them,Some of them,No,No,Don't know,No,NA
2014-08-27 15:29:07,Rarely,31,Female,United States,OH,No,Yes,Yes,More than 1000,No,No,Don't know,Not sure,No,Don't know,Don't know,Very difficult,Yes,Maybe,No,No,No,Maybe,No,No,NA
2014-08-29 9:23:22,Never,31,Female,United States,TX,No,Yes,No,More than 1000,No,No,Yes,Not sure,No,Don't know,Don't know,Don't know,Yes,Yes,No,No,No,No,Don't know,No,NA
2014-08-27 12:50:57,Often,32,Female,United States,MA,No,No,Yes,6-25,Yes,Yes,Yes,Not sure,Don't know,Don't know,Yes,Very easy,No,No,Yes,Yes,No,No,Yes,Yes,I am not sure about my company's healthcare because I've opted out of it and I'm covered under another policy.I currently work at a great company though in past jobs I don't think I would have felt comfortable talking about mental health at all.
2014-08-27 12:54:30,Sometimes,32,female,Germany,NA,No,No,No,100-500,No,Yes,No,No,No,No,Don't know,Very difficult,Yes,Yes,Some of them,No,No,No,No,Yes,Too many people even especially IT considered mental health issues as a choice or something people can freely act about. You are depressed: take vacation. You feel weird: admit it is physical (otherwise it is not serious) go and see a doctor (and if you are on sick leave too many days you will get fired). You don't feel good today: take a holiday but don't work from home. In startup there is what I call the tyranny of happiness: you have to look happy to be accepted and to be worked with. At some point playing a role can definitely make the mental health issue worse and it is also a threat to diversity :(I don't like to call mental health issues an issue but actually when it comes to company field it too often becomes an issue and this is sad because working is sometimes better than medication. It is a vicious circle: people are scared of speaking about it so they don't inform their coworkers about what mental health is for real and so coworkers are so scared on a regular basis that the people with mental health issues keep it for themselves. 
2014-08-27 15:25:41,Never,32,female,United States,AL,No,No,No,100-500,No,Yes,Don't know,Not sure,No,No,Don't know,Don't know,Maybe,No,No,Some of them,No,Maybe,Don't know,No,NA
2014-08-28 13:26:17,Often,32,Female,United States,CA,No,Yes,Yes,100-500,No,Yes,Yes,No,No,Don't know,Don't know,Don't know,Yes,No,Some of them,Yes,No,No,Don't know,No,NA
2014-08-28 17:12:30,Sometimes,32,Female,United Kingdom,NA,No,Yes,Yes,100-500,No,Yes,Don't know,No,No,No,Don't know,Somewhat difficult,Maybe,No,Some of them,Some of them,No,Yes,Don't know,Yes,NA
2014-08-27 19:05:52,Often,32,Female,Canada,NA,No,No,Yes,More than 1000,No,No,Don't know,Not sure,Don't know,Don't know,Don't know,Don't know,Maybe,No,Some of them,Some of them,No,No,Don't know,No,NA
2014-09-08 21:30:59,Sometimes,32,Female,United States,PA,No,No,Yes,More than 1000,No,Yes,Yes,Yes,No,Don't know,Don't know,Don't know,Maybe,No,Some of them,No,No,No,No,No,NA
2015-02-21 18:54:12,Never,32,Female,Ireland,NA,No,Yes,No,More than 1000,No,Yes,Yes,Yes,Don't know,Yes,Yes,Don't know,Maybe,No,Some of them,Some of them,No,No,Don't know,No,NA
2015-05-05 15:16:25,NA,32,female,United Kingdom,NA,No,No,No,More than 1000,No,No,No,No,No,Don't know,Don't know,Don't know,Maybe,No,Some of them,Yes,No,Yes,No,No,NA
2014-08-28 11:50:06,Sometimes,33,Female,United States,AZ,Yes,Yes,Yes,1-5,No,Yes,Yes,Yes,Yes,Yes,Yes,Somewhat easy,Maybe,Yes,Some of them,No,No,No,No,No,NA
2014-08-29 6:42:57,Sometimes,33,female,United Kingdom,NA,Yes,No,Yes,1-5,Yes,Yes,No,Yes,Yes,Yes,Yes,Very easy,No,No,Some of them,Yes,No,No,Don't know,No,NA
2014-08-29 9:47:30,Never,33,female,United States,TX,Yes,No,No,1-5,Yes,Yes,No,Yes,Don't know,Don't know,Yes,Somewhat easy,Maybe,No,No,Some of them,No,No,Yes,No,NA
2014-08-29 21:40:26,Often,33,Female,Canada,NA,Yes,Yes,Yes,1-5,Yes,Yes,No,Yes,No,No,No,Very difficult,Yes,Yes,No,No,No,Maybe,No,Yes,NA
2014-08-27 15:44:20,NA,33,female,United States,MA,No,No,No,100-500,Yes,Yes,Yes,No,Don't know,No,Don't know,Don't know,No,No,Some of them,Yes,No,No,Yes,No,NA
2014-08-30 19:56:23,Never,33,Female,United Kingdom,NA,No,No,Yes,100-500,No,Yes,Don't know,Not sure,No,Don't know,Don't know,Very easy,Maybe,No,Some of them,Some of them,No,Maybe,No,No,NA
2014-08-27 16:42:55,Sometimes,33,Female,United States,NY,No,No,Yes,500-1000,Yes,Yes,Yes,Yes,Yes,Yes,Don't know,Very easy,No,No,Some of them,Some of them,No,No,Don't know,No,NA
2014-08-27 15:24:28,Rarely,33,Female,Sweden,NA,No,Yes,Yes,More than 1000,No,Yes,Yes,Yes,No,Yes,Yes,Don't know,Maybe,No,Some of them,No,No,Yes,Don't know,No,NA
2014-08-28 9:40:42,Rarely,33,female,United States,NC,No,Yes,Yes,More than 1000,No,Yes,Yes,Yes,Yes,Yes,Yes,Somewhat easy,No,No,Some of them,Yes,No,No,Yes,No,NA
2014-08-30 5:47:08,Often,33,female,United States,CA,No,No,Yes,More than 1000,No,Yes,Yes,Yes,Don't know,Don't know,Don't know,Don't know,Yes,No,No,No,No,Maybe,Don't know,No,NA
2014-08-29 11:11:00,Sometimes,34,Female,United States,CA,No,No,No,1-5,No,Yes,No,Not sure,No,No,Don't know,Very easy,No,No,Some of them,Yes,No,Maybe,Yes,No,NA
2014-08-27 13:12:31,NA,34,female,United States,WA,No,No,No,6-25,No,Yes,Yes,No,No,No,Don't know,Somewhat easy,No,No,Yes,Yes,Maybe,Maybe,Yes,No,One of my coworkers has mental health issues and she's open about them (eg: my enjoyment of this project may be due to my recent change in meds). I believe the response has been generally supportive. We're a very small tight-knit company.
2014-08-28 2:49:34,Sometimes,34,female,United States,CA,No,No,Yes,100-500,Yes,Yes,Yes,Yes,No,Don't know,Don't know,Somewhat easy,Maybe,No,Some of them,Yes,No,No,Yes,No,NA
2014-08-29 8:59:40,Often,34,female,United Kingdom,NA,No,Yes,Yes,26-100,Yes,No,Yes,Yes,No,Yes,No,Somewhat easy,Yes,Yes,Some of them,No,No,No,Don't know,No,NA
2014-08-29 16:21:16,Often,34,female,Canada,NA,No,Yes,Yes,26-100,No,No,Don't know,No,Yes,Don't know,Don't know,Somewhat easy,No,No,Some of them,Some of them,No,No,Yes,No,NA
2014-09-02 8:24:43,Rarely,34,Female,United Kingdom,NA,No,Yes,No,26-100,No,No,Yes,Yes,Yes,Yes,Yes,Very easy,No,No,Some of them,Yes,Maybe,Maybe,Yes,No,NA
2014-08-27 12:48:39,Rarely,24,Male,United Kingdom,NA,No,No,No,100-500,No,Yes,Don't know,Not sure,Yes,Don't know,Don't know,Very easy,Maybe,Maybe,Some of them,Some of them,No,Maybe,Don't know,No,NA
,,,#N/A,,,,,,,,,,,,,,,,,,,,,,,